{"cameraMode":{"drawMode":0,"name":"Shaded","section":"Shading Mode"},"sceneLighting":true,"audioPlay":false,"sceneViewState":{"m_AlwaysRefresh":false,"showFog":true,"showSkybox":true,"showFlares":true,"showImageEffects":true,"showParticleSystems":true,"showVisualEffectGraphs":true,"m_FxEnabled":true},"in2DMode":false,"pivot":{"x":18.75165367126465,"y":14.38144302368164,"z":23.662630081176759},"rotation":{"x":-0.09341702610254288,"y":0.7347801923751831,"z":-0.10340381413698197,"w":-0.6638115048408508},"size":0.41622036695480349,"orthographic":false}