{"cameraMode":{"drawMode":0,"name":"Shaded","section":"Shading Mode"},"sceneLighting":true,"audioPlay":false,"sceneViewState":{"m_AlwaysRefresh":false,"showFog":true,"showSkybox":true,"showFlares":true,"showImageEffects":true,"showParticleSystems":true,"showVisualEffectGraphs":true,"m_FxEnabled":true},"in2DMode":false,"pivot":{"x":-41.811805725097659,"y":6.962254047393799,"z":43.755958557128909},"rotation":{"x":-0.004173597786575556,"y":-0.06326359510421753,"z":-0.00039052878855727613,"w":0.9978430867195129},"size":0.04759731516242027,"orthographic":false}