{"cameraMode":{"drawMode":0,"name":"Shaded","section":"Shading Mode"},"sceneLighting":true,"audioPlay":false,"sceneViewState":{"m_AlwaysRefresh":false,"showFog":true,"showSkybox":true,"showFlares":true,"showImageEffects":true,"showParticleSystems":true,"showVisualEffectGraphs":true,"m_FxEnabled":true},"in2DMode":false,"pivot":{"x":-36.40655517578125,"y":10.748744010925293,"z":38.794677734375},"rotation":{"x":0.022660257294774057,"y":-0.6165770888328552,"z":0.017777157947421075,"w":0.7865968346595764},"size":0.8660253882408142,"orthographic":false}