{"cameraMode":{"drawMode":0,"name":"Shaded","section":"Shading Mode"},"sceneLighting":true,"audioPlay":false,"sceneViewState":{"m_AlwaysRefresh":false,"showFog":true,"showSkybox":true,"showFlares":true,"showImageEffects":true,"showParticleSystems":true,"showVisualEffectGraphs":true,"m_FxEnabled":true},"in2DMode":false,"pivot":{"x":-13.936010360717774,"y":7.674229621887207,"z":-16.313814163208009},"rotation":{"x":-0.1448894888162613,"y":-0.36125195026397707,"z":0.05692342668771744,"w":-0.9193567633628845},"size":1.6760039329528809,"orthographic":false}