{"cameraMode":{"drawMode":0,"name":"Shaded","section":"Shading Mode"},"sceneLighting":true,"audioPlay":false,"sceneViewState":{"m_AlwaysRefresh":false,"showFog":true,"showSkybox":true,"showFlares":true,"showImageEffects":true,"showParticleSystems":true,"showVisualEffectGraphs":true,"m_FxEnabled":true},"in2DMode":false,"pivot":{"x":108.83573150634766,"y":68.41976928710938,"z":22.142742156982423},"rotation":{"x":-0.16581374406814576,"y":0.6782068610191345,"z":-0.16035832464694978,"w":-0.6974331736564636},"size":1.2247449159622193,"orthographic":false}